Reviewer,Title,Content,Star_rating,Rating,Date,Reviews_posted,Location
Lisa Stammer,Easy website,"Easy website, fast shipping,  wonderful customer service.  Great experience",4, Great,2020-12-29,5,United States
sharon richards,Hey Merry Christmas Nike!!,Hey Merry Christmas Nike!!Delivery scheduled for 22nd ha ha!!Still not with DPD as goods being sent from Belgium - so I would hazard a guess at them being sat in some port now not able to come to the UK!!No communications - except I will issue a refund- errr no thanks I want the goods I have purchased- that you have the funds for !!,1,Bad,2020-12-23,2,United Kingdom
jason,Nike along with apple and coca cola supporting slavery in china,"""I read in the New York Times that Nike is fighting the passage of the Uighur Forced Labor Prevention Act, a bill that would ensure that forced Uighur labor isn't used in the making of parts you buy. That's gross, and I will absolutely stop buying your products if you continue to obstruct the bill's passage. Please pass this message along to leadership. Thanks.""",1,Bad,2020-12-22,3,United States
Ted Hollar,Ordered some shoes the 16th SAME day I‚Ä¶,Ordered some shoes the 16th SAME day I ordered from Adidas... Dec 16th I made my order... Recieved my Adidas the 20th already... SAME DAY I ordered the Nikes my suggested delivery date was Dec. 30th... Then today Dec. 22 I get a email saying it might be delayed more! With that being said... Being the bigger company... WHAT EXACTLY IS THE HOLD UP!?! How can one company fill my order and have it shipped and to my house before y'all even fill my order... I don't think I wanna order from Nike ever again...,1,Bad,2020-12-22,2,United States
Charles Nelson,bad service but good product,,1,Bad,2020-12-21,1,United Kingdom
Craig Mathews,nice products,,3, Average,2020-12-21,1,United Kingdom
Grotto Tichino,free running,"free running, superweicher sneaker",4, Great,2020-12-20,5,Switzerland
Dianne,Awful service,"Awful service - ordered and paid for personalised football kits online,  nike cancelled order due ti stock but failed to inform me so I could shop elsewhere.  Only when I called for an update on delivery did nike inform me some 9 days after placing the order.",1,Bad,2020-12-18,5,United Kingdom
BroskiBerry,Worst experience ever,"Paying top money for a tracksuit, it rips in under a month and you label this as ""wear and tear""? Get lost scammers!",1,Bad,2020-12-16,8,Germany
LambOfDog,Exploiting children for profit,"Cheap clothes made by cheap labor exploited children, and you want to charge 60‚Ç¨ + for them? Get real.",2, Poor,2020-12-07,9,Germany
Jay Jay,Didn't recieve my order - heard nothing back from Nike,,1,Bad,2020-12-06,50,United Kingdom
Jonathan Smith,Slow speeds?,Maybe it‚Äôs just me but the website has a slow speed.,3, Average,2020-12-05,1,United States
Josh C.,The best for me,The best for me! I would like to purchase new set of Air Jordan 1.,4, Great,2020-12-03,14,United States
Ethan Gutmann,Online sucks,Order my sneakers online. Took them forever to arrive. Finally when it got me it's the wrong size. For heaven's sake! No system in place I guess or just the pandemic? Whatever it is.. 1 star for bad service.,1,Bad,2020-12-02,2,United States
Alin Rosca,I've ordered some Jordans from Nike.com‚Ä¶,"I've ordered some Jordans from Nike.com on 30th September and my order got stuck in their NL Warehouse since then. In last month I've spoken every week with the customer support department, each agent told me the same story, that their finance department has to approve the request and they have to answer in 5-7 working days. Even if every time I call them, they can see that those days have passed several times, they just add a comment to that case and nothing is happening.I should read more carefully all other reviews about how Nike doesn't give a s**t about customers.",1,Bad,2020-12-01,5,United Kingdom
Soliel DeBella,I placed an order with Nike,"I placed an order with Nike, a very expensive one with customized shoes. After I placed the order I realized the computer changed my shoelace choice. I could easily buy my own and I did, but for $180 I went back in and it said I could look or modify the order...um, nope. you can't. I did the whole chat, totally useless, after waiting and talking about this and that, only to be told, ""only I can see the order, they cant' do anything on their end."" okay fine, I call...after waiting and being placed on hold three tiems, I was told the exact same thing. Mind you, this is an order placed within the half hour. You are telling me you can't modify my shoe lace choice for almost $200 pair of shoes that have yet to come close to be worked on? all I can say, is don't mess up and don't expect ""customer service' to do ANYTHING for you. If they can't even see your order or modify it, and anything you do you are told to cancel the order, wait and retry, you don't even need to pay them, just be honest on the site and not waste our time.",1,Bad,2020-12-01,1,United States
Martin Lopez,Nike Cheats People,"Nike customer service is rude, not sincere and tossed me around from one person to another. Ordered a couple of things on 11.11. Bank Transaction done. A week later i checked my account and saw that it was empty. Got in touch with customer service and she said transaction not found. Sent her copy of my bank statement that shows clearly Nike with the amount. Its no small amount. She keeps telling me she's sent proof of no transaction on nikes part. But the email has no attachment at all. This is the first online purchase from Nike from me and it will be the last. Nike is a big cheat. Stick with Adidas, puma and under armour. They have more class.",1,Bad,2020-11-30,1,Malaysia
arnie,Nike is the best,Nike is the best. shoes and apparel are high quality. been collecting cortez.,5, Excellent,2020-11-29,8,Philippines
Mary Young,I always try to purchase Nike shoes and‚Ä¶,"I always try to purchase Nike shoes and athletic apparel. I am impressed by their quality and the variety of what Nike offers. Also, their prices are reasonable, and periodically you can catch items on sale.",5, Excellent,2020-11-29,1,United States
David Craft,The shoes are comfortable while looting‚Ä¶,The shoes are comfortable while looting and peaceful protesting conditions are favorable.Thanks Nike to help make America great again.,5, Excellent,2020-11-24,23,United States
lorraine markey,I Have waited 14 days for a refund and‚Ä¶,I Have waited 14 days for a refund and contacted them twice and just been fobbed off will never use this site again and neither will my whole family there  is no way it should take this long for a refund and i am still waiting terrible service,1,Bad,2020-11-23,3,United Kingdom
Helena Mackint,Socialist and Communist Sponsors,"I want to return all my Nike products and I will NEVER EVER Buy Nike in my life. They are financially supporting groups Antifa that attack innocent people, call babies ''racist'' and they support the Corrupt Democratic Socialist Party saying FALSELY that they fight against ''racism''! You cannot fight racism by sponsoring one of the MOST racist and socialist party in the world: The Democratic Party. Good luck with having clients ONLY the celebs, Elites, Billionaires and their fans! I am OUT and Done with NIKE!",1,Bad,2020-11-21,2,United States
Dost,BAD CUSTOMER SERVICE,"I placed an order 2 months ago. I did not receive the order so i contacted them at least 4 times. They told me that the will look at this and let me know. I did not receive any feedback from them, i had to contact them every time again. Still no answer and today they told me they cancelled my order. The app shows it is being packed, they have not communicated this to me everytime i had contact and now they tell me to just reorder. My item was on sale and it was a very good deal, now i have to purchase another item which is at least 3 times the price. VERY BAD CUSTOMER SERVICE!!!!!!!!!!!!!!!!",1,Bad,2020-11-19,4,Netherlands
Chris Hartman,Nice shoes and very comfortable,,4, Great,2020-11-16,1,United States
Suzana Curavic,My favorite brand of trainers with amazing online shop!,"My favorite brand of trainers with the very neat website and absolutely amazing, capable and friendly customer service - everything is resolved quickly, also delivery, returns and refunds are quick and easy. It's always a pleasure to shop with Nike!",5, Excellent,2020-11-14,4,Croatia
Ethan Abraham,I buy all my shoes from nike online‚Ä¶,I buy all my shoes from nike online store since the design option is awesome. All my nikes are designed by me. It is the coolest feature of nike online store. Other than that production and shipment takes at least 3 weeks even though it says at most 3 weeks in the website.,5, Excellent,2020-11-13,2,United States
James Obrien,Nice and comfortable shoes,,3, Average,2020-11-13,1,United States
Robert Skinner,Nice shoes and comfortable to wear,,3, Average,2020-11-13,1,United States
RO,Awful,"Awful. Cannot order! Website is slow and when, finally, I gt to the basket i get an error message. Called Customer Service - after waiting for about 10 minutes got cut off, twice! Then got through to someone and... got cut off again! Finally spoke to someone and tehy tried to put the order through but could not. So, if you want to spend a couple of hours trying to do something that isn't possible due to the website problems, then go to nike.com ad waste your time for no reason. Only reason I am there and not Addidas is someone got me a voucher!",1,Bad,2020-11-11,2,United Kingdom
Roy Hale,I love the products here,,5, Excellent,2020-11-11,2,United States
SmokeWeedle,Expensive for what it offers,"While Nike has some really good looking clothes, mostly sportswear, the price is a bit too steep for today's market offer",3, Average,2020-11-09,8,Netherlands
Oliva Jones,Good store and fast shipping,,5, Excellent,2020-11-08,4,United States
Lambert Butler,am very happy i got my lovely shoes i‚Ä¶,am very happy i got my lovely shoes i ordered .,3, Average,2020-11-05,1,Cameroon
Johan Rivera,Favorite brand on Earth,"I'm a little salty because like many of you, I miss out on alot of the coveted drops on the SNKRS app but I've also won my fair share of heat (coveted sneakers for the uninitiated) so you win some lose some. The shipping is almost always fast and quick (only complaint is slapping the nike logo on my shipping box, putting a bullseye on it for thieves). I've had to return items and also have had a quick and painless ordeal. The clearance section is decent, especially when they have the extra % off every few months or so. Nike is a a multi billion dollar company and they certainly act like it.",5, Excellent,2020-11-01,27,United States
Lili,I like so much my new nikes,,4, Great,2020-10-29,3,France
Brian Jackson,Really good online shopping,,5, Excellent,2020-10-28,6,United States
Shaldon SA_ FH_LAGACY,Nike has been a trusted brand and I‚Ä¶,Nike has been a trusted brand and I have only good memories wearing Nike and wil continue wearing Nike til iam old and great. Keep up the good work Nike team.,5, Excellent,2020-10-27,4,South Africa
David Seals,Nice and comfortable shoes.,,4, Great,2020-10-27,3,United States
Danny Rivera,One of the best stores easy to check‚Ä¶,One of the best stores easy to check out some good quality shoes,5, Excellent,2020-10-26,1,United States
Alan Zink,Comfortable to wear,,3, Average,2020-10-26,3,United States
Claude Dones,Very good shoes I like it very much,,4, Great,2020-10-26,3,United States
Mike,"Really Bad cutomer services,will never‚Ä¶","Really Bad cutomer services,will never come again",1,Bad,2020-10-23,2,Hong Kong
Palciana Colon,Love everything that has to do with a‚Ä¶,Love everything that has to do with a Nike Brand! It‚Äôs Amazing,5, Excellent,2020-10-23,1,United States
Emil Michalak,Fantastic experience with the Running‚Ä¶,Fantastic experience with the Running Shoes,5, Excellent,2020-10-21,2,Poland
Laura Choyce,Would recommend,"Ordered from Nike quite a few times for my Husband, dispatch can be very slow at times, but delivery after that is quick! Great prices when they have sales/offers! I‚Äôve returned one pair of trainers, it was easy enough and my refund was with me well within the given time scale! No issues as others appear to be dealing with.",5, Excellent,2020-10-20,19,United Kingdom
Thomas J√∏rner,Poor Quality - Customize Nike shoes,"Almost unused customize Nike shoes - poor quality.The sole is crumbled after limited use.After 1 hour of telephone contact with customer services, Nike has not been able to decide to correct the error.Great disappointment",1,Bad,2020-10-19,13,Denmark
Kathleen S,Love my Nike air max,"Love my Nike air max, the best quality, comfort & design",5, Excellent,2020-10-19,2,United States
Lucas Scott,not good,"well, the Nike online store is sucks",3, Average,2020-10-16,1,United States
Russel Blanton,Good quality shoes,Good quality shoes. I'm ssatisfied with their products.,4, Great,2020-10-16,3,France
Idella Friesen,A brand you can wear with confidence.,,5, Excellent,2020-10-15,3,Australia
Keith Lee,Nike customer service used to be‚Ä¶,"Nike customer service used to be something I bragged and raved about. Lately, I tell people if they want to know how NOT to run a customer service just call Nike or try to get a refund processed. Unresponsive, calls to people who rinse and repeats the same info you ALREADY knew ie ‚Äúlet‚Äôs see sir, I can see here u placed ur order on 8th Oct, you then called us on 9th Oct, blah blah and to conclude it usually takes ‚Äúinsert # working day‚Äôs‚Äù to get your shoes or refund. Thanks for nothing. Absolutely a disgrace. Pray ur item comes in good condition and in the right size, otherwise don‚Äôt even bother returning. Amazing how things can change overnight. S",1,Bad,2020-10-14,1,Malaysia
Karen,Waiting for a refund for over a month,Waiting for a refund for over a month. Contacted nike through online chat 3 times - told that they are waiting to process the refund. Still no indication of a refund timeline.,1,Bad,2020-10-08,1,Ireland
Gerry,Nike Men's Revolution 5 Running Shoes,"Great for daily walking. Best design for the heel in my opinion, the support is seriously amazing. Lightweight shoes for running and walking. Way to go Nike!",5, Excellent,2020-10-08,3,Philippines
Anders Sj√∂strand,Hey NIKE what is wrong with u????,"Hey NIKE what is wrong with u????Been trying to get my refund for ages now and had numerous contacts via phone. Unbelievably bad support system u CHOOSE to have. Every time I contact I have to repeat my story and thenut seems not possible to b connected to a correct person that can update and actually help...instead I have to wait for 5-10 workingdays for u to call me....this incredibly stupid system have I had to go through...1...2....at least 3 times and still waiting for this refund because of your air shoes that "" collapsed"" within no longer then 3 months. Where is your serviceminded thinking. Ridicoulously bad support!!!!!!!!",1,Bad,2020-10-05,8,Sweden
Natalie,Very happy with service and quality,,4, Great,2020-10-05,3,United States
Oni,Terrible,The [Code: 98D2586B ] is the worst it takes years for them to actually help out overall terrible. Fix their website.,1,Bad,2020-10-04,1,United States
Unicorn Rider,I order from nike a lot and don‚Äôt‚Ä¶,"I order from nike a lot and don‚Äôt normally have issues, however my last few orders have been different.Firstly I returned a recent order on the 25/08/20 and today 03/10/20 I have yet to receive my refund, even though I have spoken to Nike who say they received the return on 1/09/20.So what‚Äôs the problem?Apparently they have an error at their end?U have called another 3 times since and the reckon they have a back log of returns and cannot do anything about this until it‚Äôs my turn in the queue?Shocking serviceSecondly my last few orders I have noticed a lot of the clothing looks cheaply made and a recent Shield jacket supposedly waterproof was quite the opposite I‚Äôm losing faith in Nike as a brand after recent orders.",1,Bad,2020-10-03,40,United Kingdom
Jack,Very nice one,,4, Great,2020-09-24,3,France
Matthew,Lost a loyal customer - rude staff and internal process inadequate,"I have been a loyal Nike member since 2013 and ordered many of times over the years. I placed an order on the 31st August 2020 for a pair of trainers, which I paid with a gift voucher and applied a 25% promo at the time. 8th September I received an email to notify of delay in order due to stock. After speaking to several people, asking when it would be dispatched, they offered an extra 15% off as a gesture. (Acceptable at the time) however to this day it was still stuck 'In progress' when they had already put stock back on their website. 1 agent said they would email the warehouse to process the order quickly. Another agent told me they couldn't email the warehouse? I was also told that delayed orders are prioritised over new orders, but then another agent stated from their experience, cancelling the order and reordering again would be quicker!? I asked if a manager could call me to discuss the issue, as I cannot believe in 2020 no one can simply put a call/email into the warehouse to speed up a delivery which has been delayed significantly. Never received a call after being promised someone would call me on either the Saturday or Monday just gone. No emails received either. I then decided to call today to simply cancel the order and reorder, to my annoyance that I was told that they cannot honour the 25% promo code again but would have to reimburse, once Ive paid full price!? The worst part of this experience which topped it for me, I spoke to Ryan today, who in all my years of interaction with a customer service rep, have I spoke to someone who is so rude and confrontational. I was gobsmacked by his tone of voice, which was aggressive and he assumed upon previous notes, (He was very quick to tell me notes his colleague left). I am still shocked by the way he spoke to me. He is based in Dublin/Ireland where most of their customer service is. I have now cancelled and left short of order. - Goes well if stocks in place but if something delays, be prepared for a nightmare. If you want Nike products i would go via 3rd Parties and not direct because their clearly is no consequence for staff who act inappropriately.",1,Bad,2020-09-24,4,United Kingdom
Aydin,waiting to long for delivery,,4, Great,2020-09-24,4,Kuwait
Danielle McC,My daughter loves her sports clothing‚Ä¶,"My daughter loves her sports clothing and Nike are always on her list of wants. Wish they offered some discounts more regularly. Apart from that, hassle free when ordering :)",3, Average,2020-09-22,5,United Kingdom
Miss G.,Nike store experience,Purchased several pairs of Nike for family members. Prices were cheaper than Foot Locker or any other stores like it. Purchased Nike's at a discounted price and saved quite a bit. Great customer service and great prices. Will visit Nike store again!!,4, Great,2020-09-22,6,United States
Jamal Ismail M,I purchased multiple shoes for my‚Ä¶,I purchased multiple shoes for my family and I. Always had a great experience.Thank you,5, Excellent,2020-09-17,1,Canada
Frank Edward,Very happy with my new kicks and‚Ä¶,Very happy with my new kicks and satisfied with their customer service!,5, Excellent,2020-09-16,2,United States
Aatif Shaikh,Good Products,The new autumn collection is nice. Please increase the production of Nike Air Jordan Collection.,5, Excellent,2020-09-16,3,United States
Knut Helge Mowinckel,Horrible customer service!!!!!!,"Worst customer service I have experienced! Ordered Liverpool's new kit. Got kid Large size. Wrong size for an adult. Delivered returned on 24 August. Haven't heard anything from Nike since that day. Stay away!!!!! Never, ever more Nike!!!!Last: Still not heard anything from Nike. They do not respond to customer inquiries. Have sent two emails to them. Consider the money lost.",1,Bad,2020-09-14,11,Norway
Josh Warren,Took forever to get my shoes!,,2, Poor,2020-09-10,2,United States
Durval,Took a month to get my stuff not happy,,2, Poor,2020-09-10,1,Czech Republic
Sheldon Coutinho,Late Delivery,The product quality was amazing but the delivery service was not good the shoebox was damage and I received my package not as per given delivery date it was delayed by 1 week.,3, Average,2020-09-08,2,United States
Lu,Fresh kicks baby,Get a fresh pair of air max or forces every month. If it wasn‚Äôt for Nike I‚Äôd be bare foot won‚Äôt ever see a different brand on my feet. Thinking about getting my first custom pair next.,5, Excellent,2020-09-07,6,United States
Marte,Wrong size - never got the money back,"I have bought a lot from Nike.com and previously been satisfied, but the last time, they sent me the item in  another size than the one I ordered. I ask them to kindly send me the right size, but they said I had to by a new one, and return the other one that they sent wrong, without any compensation. Its now been three months (!) and they still haven't transferred my money back. I guess Im done shopping at nike.com.",2, Poor,2020-09-05,1,Norway
Anastasia Reyes,Supports fraud horrible company,"One thing I will say about this company is that it's horrible. Allowing fraudulent purchases be viewed as authentic purchases. I've call 3 times about a purchase I never made and it is clear as freakin day that it was sent to a different location from were i have been living for 14yrs. Your company policy states it was an authentic order and if i want my money back I have to return the product. How can I return a product I never received nor did I order to know what it was to even return. You know who ordered the product why not charge them? go after them? since they technically didn't pay for YOUR products and just return the money that is mine that your customer used to fraudulently pay for your products. It's blatantly clear this company runs on absolute greed and fraud and doesn't care about actual justifiable facts. I will be taking legal action.Absolutely Disgraceful, I was never even a customer, but now after this I will NEVER support Nike in any way along with my family and friends.",1,Bad,2020-09-03,5,United States
Pavel Tanase,Found my favorite shoes on sale üí£üí™,,5, Excellent,2020-09-01,3,Romania
Norah heger,I went in the shop close to my house‚Ä¶,I went in the shop close to my house and i have to say that i had a perfect experience. A sales person took care of me and gave me advices to have lower prices all year. they take care of their customers,5, Excellent,2020-08-25,4,France
Nadja Ocepek,"Didn't get my order, no refund",I bought a gift card for my friend's birthday on July 7th. Until today the card didn't arrive. Every conversation with support until now was useless and I am still waiting for the refund. As far as I'm concerned Nike practically stole my money.,1,Bad,2020-08-23,1,Slovenia
grace geiger,Disgusted,I am a true American and I stand with my flag with my hand over my hear.  üá∫üá∏üá±üá∑‚ù§Ô∏èü§çüíô U‚Ä¢S‚Ä¢A‚Ä¢,1,Bad,2020-08-23,3,United States
Everett,I bought NikeCourt Air Zoom Vapor Cage‚Ä¶,"I bought NikeCourt Air Zoom Vapor Cage 4, with bright gree color. They are very comfortable, right my fitting. Playing sports is convenient wearing these boots.",5, Excellent,2020-08-20,2,Germany
THORE,Taking care of customers,"I bought a pair of quite expensive shoes for my son. After a few months, some of the color began to peel off. I contacted Nike, and the response and help I received there was incredibly good. Full refund and a fantastic follow-up and dialogue along the way. Nike has understood how to take care of customers!",5, Excellent,2020-08-19,7,Norway
anh nguyen,Misleading consumers,Ordered two separate orders online under men Shoes sale section on different date. The worst part is My credit card been fully charged and billed but 2 days later email from Nike advised they cancelled my both orders because they don‚Äôt have stocks. WTH if you don‚Äôt have stock DONT advertised. This is misleading breach and false advertising. The amuse part is nike websites still advertise the unavailable shoes!!!!!I am still waiting for refund and this is first time shopping with Nike and will be the last. Beware people shop else where.,1,Bad,2020-08-15,1,New Zealand
Stephen Bowman,I will never buy your products while‚Ä¶,I will never buy your products while you sponsor the bent and corrupt English Premier league. Shame on you.,1,Bad,2020-08-12,11,United Kingdom
Bridgett Banks,Fast delivery,"Fast delivery, shoes are amazing",5, Excellent,2020-08-11,6,Czech Republic
Saul Candanosa,Love it one of the best sites ever,Love it one of the best sites ever . Love mostly everything you guys have,5, Excellent,2020-08-08,2,United States
Daily Health,The best prices for official kicks,The best prices for official kicks. You can't beat it.,5, Excellent,2020-08-08,3,United States
Nick L.,I can't even wear other brands' shoes‚Ä¶,I can't even wear other brands' shoes but Nike. their are great and the size is just perfect for me. I can never find the fit with other shoes.,5, Excellent,2020-08-07,3,Czech Republic
Hakim,I would give 0 if I could,One of the worst customer service experience I bought shoes that had a manufacturing defect with the sizing and was told by advisors they can't do anything so I asked to speak to a manager and had to wait 1 week with constant calling to receive a call and the manager was very rude and did not even attempt to resolve and accused his staff of lying and offered less that was offered by the advisors and terminated the call without any solution. When asked to speak to someone higher he advised there's no one and to take the business to court JUST WOW.I WOULD ADVISE TO AVOID THIS COMPANY AT ALL COSTS.,1,Bad,2020-08-07,2,United Kingdom
Maree,Worth the money and cant go wrong.,Worth the money and cant go wrong. Helping me get fitü§º‚Äç‚ôÄÔ∏èüèÉ‚Äç‚ôÄÔ∏è,5, Excellent,2020-08-05,5,Australia
H√©l√®ne Schrooyen,The customer service is the worst I‚Äôve‚Ä¶,"The customer service is the worst I‚Äôve ever come across. I cancelled an order of 200‚Ç¨ TWO MONTHS ago and never received my money back. Every time I call they tell me something different. First they told me I‚Äôd receive the money within 7 working days, then they told me they never received the payment (that‚Äôs why they never paid me), then I sent them proof of payment and now they‚Äôre telling me to contact my bank about this issue. I‚Äôm absolutely baffled at the way a huge company like Nike treats their customers.",1,Bad,2020-08-01,2,Netherlands
Stefania Barilari,To whom may concern got a Bill for‚Ä¶,"To whom may concern got a Bill for ‚Ç¨134.95 taken from my account , but I don‚Äôt know what I have bought can you enlight this situation",2, Poor,2020-08-01,1,United Kingdom
Jorge DM,FUQQQQ NIKE I EVEN DELETED MY MEMBERS ACCOUNTA,Bruh so i had placed a custom hurache orders with a text saying anyway fuqyou and they tried teling me because of insufficient product in the warehouse they had to cancel my orders after three days passing by like wat daaa fuqqqqq is wrong with nike if y‚Äôall didn‚Äôt like the lettering why would your customization prt let me continue,1,Bad,2020-07-27,1,United States
Iva Gamache,Best sandals and running shoes,Been using Nikes for decades now and it's been a very solid brand.  I love their products especially their sandals and running shoes,4, Great,2020-07-21,3,Sweden
Jiao J.,great lightweight shoes for the gym,,5, Excellent,2020-07-20,1,Canada
Jack,I ordered some shoes,"I ordered some shoes, very comfortable and cool looking. he website is really easy to navigate. Nike has amazing work out clothes and the quality is fantastic. I also love their shoes.",5, Excellent,2020-07-20,12,United States
Erika donovan,Trainers came on time,Trainers came on time. Comfortable. Nice.,4, Great,2020-07-15,4,United Kingdom
Ms Abigail Fisher,Can't fault,Can't fault. Great delivery and amazing customer service.,5, Excellent,2020-07-15,108,United Kingdom
Rebecca B,Bought a customised football shirt for‚Ä¶,Bought a customised football shirt for my son from the Nike shop. Not overpriced like I thought it would be. Really pleased with it and it came so quickly! Would definitely buy from them again.,5, Excellent,2020-07-15,4,United Kingdom
Luke Weber,amasing products,,5, Excellent,2020-07-13,4,Switzerland
Mariana Barona,Terrible Customer Service!!,"DO NOT BUY FROM NIKE. Atrocious customer service. I bought a pair of trainers and put the orange shoe box in my handbag on my way back home. The orange from the box stained my jacket and bag! When I went to Nike  in London to ask for compensation, and even reminding them of what the consumer law is, they basically just dismissed me and refused to give me any sort of compensation! 200 pounds in the bin....",1,Bad,2020-07-12,2,United Kingdom
MissyElliot,Thank you for your work and services.,I love Nike. Thank you for your work and services. I liked my Nike Air Force a lot.,5, Excellent,2020-07-07,1,United Kingdom
M. Merritt,My first sneakers,My first sneakers. So I really like it!,5, Excellent,2020-07-06,1,United States
kevin e,WASHINGTON REDSKINS MERCHANDISE,"LEARN YOUR HISTORY INSTEAD OF BEING SHEEP AND JUMPING ON BANDWAGON. CHANGED FROM THE BRAVES TO REDSKINS TO HONOR COACH AT THAT TIME. A SIOUX INDIAN NAMED WILLIAM ‚ÄúLONE STAR‚Äù DIETZ. OH THE TEAM ALSO HAD 6 NATIVE AMERICANS ON THAT ROSTER! In the early 1800s, the term ‚Äúred-skin‚Äù was used by American Indian leaders to create a sense of ‚Äúsupra-tribal‚Äù identity when negotiating with the US Federal Government. It was intended to reference American Indian solidarity and unity, and to contrast these collected individuals with their ‚Äúwhiteskin‚Äù negotiating partners (e.g., the French, British, and former American colonists).",1,Bad,2020-07-03,2,United States
Jordan,Love it a lot,Love it a lot. Best brand ever,5, Excellent,2020-07-02,1,United States
Amalia,luv them,luv them! great company!,5, Excellent,2020-06-26,3,United States
Brianda Long,Nike CANCELLED My Order,"I purchased shoes (item #C00182993485), one week ago. I paid for it and was suppose to be getting them on Saturday the 27th.Out of the blue, Nike CANCELLED my purchased with NO explanation as to why on June 23rd.No message and no response from customer service.",1,Bad,2020-06-25,2,United States
Will,Cedric (Las Vegas office?) = 5+ stars,Cedric (Las Vegas office?) was the best representative I've talked to in customer service. Very dedicated to making sure that all issues are resolved and done so in a timely and flawless manner. Ced deserves more than 5 stars,5, Excellent,2020-06-24,1,United States
Shafayet Rhaman Ayon Shafayet Ayon,Nike is the of prefer to high quality‚Ä¶,Nike is the of prefer to high quality product.. I'm satisfied with that.,5, Excellent,2020-06-24,6,Bangladesh
Sean DaCosta,Nike raffle 5/29 on SNKRS App,"Won a raffle on 5/29 from SNKRs app from Nike. Product paid for, it wasnt free. It was shipped to the wrong address but was scheduled to get there 5/11. I would have been able to receive it as that was the date it would arrive. When I checked the order 5/10 it was on its way back to Nike as it was returned.I called Nike cx care 5/10 to see if it could be shipped back. Cx care told me the supervisor will receive the order and send it back to me at either the UPS place to hold it or the address I would like. They said Monday i will receive an email for the order and where it will be shipped which would take 7 days. I called on 5/13 to verify and they didn't see anything on my profile or notes. This agent said he would get it to me no problems. Still haven't heard from Nike.I called 5/20 and was informed that the shoes are not available and when i asked about my pair that was promised by a supervisor and the other 2 agents, where did that specific pair go. I was just told there isn't any available once again. Worst cx experience I've had. If I was told from the beginning I wouldn't be able to get it back i would understand but from the early shipping to the misinformation I was given multiple times. I cannot explain how disappointed and furious I am with Nike",1,Bad,2020-06-20,3,United States
Customer737,Great range of products and sizes at‚Ä¶,Great range of products and sizes at good prices üíïüíï,5, Excellent,2020-06-20,9,United Kingdom
Ankita Kulchaniya,Cheap quality,My husband ordered Nike shoes for me. he spent ¬£150 on shoes and just after 3-month shoes ripped. They produced cheap quality goods nowadays.,1,Bad,2020-06-16,3,United Kingdom
Aurianna,I have always been an active wear kind‚Ä¶,I have always been an active wear kind of girl. The shoes and sport bras are my go to.,5, Excellent,2020-06-16,2,United States
Kimberly,Amazing,My experience was great the customer service was amazing their very nice and help you with any questions and I love my new shoes and its was my first time coming into nike,5, Excellent,2020-06-12,2,United States
Adrian,Horrific customer service,"Nike keeps cancelling my order with no notification or explanation, the customer support is awful they offer no help. I've wasted so much time trying to buy a pair of shoes",1,Bad,2020-06-12,3,United Kingdom
Codey B,Nice service and really happy with my‚Ä¶,"Nice service and really happy with my new shoes, can‚Äôt wait to get back to racing again!",5, Excellent,2020-06-10,4,United Kingdom
Sujoan,Nike.,Never had a problem with Nike.Always get my delivery before the expected date.Quality of the clothes and shoes is always good.,5, Excellent,2020-06-08,4,United Kingdom
C Case,I like the shoes,I like the shoes. A little expensive.,4, Great,2020-06-07,18,United States
Burshana Raj,Thank you,"Thank you, took a W and shipped very very fast to my country you all are the best Nike rules",5, Excellent,2020-06-06,2,United States
Samantha Cullen,Great service and really happy with my‚Ä¶,"Great service and really happy with my new shoes, can‚Äôt wait to get back to racing again!",4, Great,2020-06-05,5,United Kingdom
Geo,Brilliant service,"Brilliant service, fast and good delivery service not like others such as Hermes that just throw parcels at your doorstep.",5, Excellent,2020-06-05,2,United Kingdom
Damon Perkins,Awesome shoes and clothes,Awesome shoes and clothes Happy costumer review ;),4, Great,2020-06-05,2,United Kingdom
hannah.latif,Not happy at all,"Not happy at all. Ordered a size 10 trainers got sent a 11? Not only that took over a week to come was for a present and comes late and sends wrong size what a disaster! Tried getting in contact with nike, phone doesnt ring, can‚Äôt get through to them by email or online worst service ever not happy at all",1,Bad,2020-06-04,7,United Kingdom
Vladimir Altamirano,Placed an order for the first time ever‚Ä¶,"Placed an order for the first time ever online. It said it'd be here on a certain date and didn't arrive. Freaked out since it was my first order online ever.. even went on to place a few bad reviews which I have now deleted. After getting in touch with the right people and assistance found out that my order was held back because of flooding. They help me with my tracking number and how I could keep myself updated of where my order was at any given time. Roberto from NIKE.COM was awesome,friendly and very helpful. Explained more of how the process works and that to be patient since my order was shipped from way on the other side of the pond(Amsterdam) and that it took a few days to get there.. will order again soon... loving my new form of shopping from my couch..",5, Excellent,2020-06-02,2,Mexico
lucas robbins,Great products,"Great products, last long. They helped me really well with some additional questions.",4, Great,2020-06-02,2,Sweden
Elena Esposito,great sport products,great sport products! my favourites!,5, Excellent,2020-06-01,4,Italy
Miguel Alejandro,great store,the best and great sport store,5, Excellent,2020-05-31,1,United States
Sakil Hasan,Good customer service & shopping experience,I like Nike white  colours shoes .,5, Excellent,2020-05-29,2,U.A.E.
Tanya Petersen,Best customer service & shopping experience,"I made an order on May 19th for 2 pairs of sneakers for my husband and needed them for a trip by May 31st. When I checked the tracking , it kept saying pending and didn‚Äôt update from when label wasn‚Äôt created. I called Nike customer service on May 26th. The wait time was only approximately 10 minutes which isn‚Äôt bad given Covid-19 phone times to see if they had any info and they checked the tracking and saw what I saw. They went on chat with Fed Ex and then  called Fed Ex themselves while I held,  and told me that due to flooding, their shipments were held up. I told the women my situation that I needed these no later May 30th as i was going away on May 31st. Luckily, they had my 2 items in stock and she immediately did another order and had it shipped express thru a different shipper so I would receive them in time. I haven‚Äôt gotten them yet but I received tracking within hours and they will be delivered tomorrow. This is someone who went out of their way to help a customer and shows they value the company they work for.",5, Excellent,2020-05-28,7,United States
Natasha,A Shambles in Every Way,"Prior to this experience, I believed Nike to be a reputable and trustworthy brand. The level of disorganisation in their internal processes is unlike anything I have ever experienced before while shopping online. Their staff clearly don't care, and are not properly trained.- Non-existent care for customers. Staff purposefully end calls and online chat when they can't be bothered dealing with your query, forget to send appropriate paperwork, and accuse you of ignoring them when they fail to check their inboxes.- Inaccurate stock displayed online, resulting in cancelled orders without explanation or apology.- Online chat queues of routinely over 300 people, and a phone number that never connects.- Apparently zero complaints procedures or dispute resolution. Pure incompetence.- Clearly no interest in keeping customers. After receiving a pair of shoes ordered online at Nike.com, I reached out to Customer Care to request an exchange to the half-size down. A simple request, which led to waiting in a virtual queue of over 300 people, on five different occasions! A complete lack of organisation and competency meant that firstly, I was not sent the requested exchange return label, to then being sent the wrong return label, to my order then being cancelled due to ""no longer being available"", whilst still being' available to purchase' on their website. This will become a theme here.At this point, I had to rejoin the 300+ queue to make a complaint, and was offered an additional discount on top of the offer I had original used to purchased my shoes, as a form of apology. So after being reassured that there would be no further complications or hassles surrounding my purchase, I agreed to purchase the shoes once again. One week later, feeling wrongly confident that things were finally sorted, I receive that familiar ""cancelled due to no longer being available"" email, whist, you've guessed it, still being available to purchase online. This was the straw that broke the camels back and I was determined to make a formal complaint, I had wasted an inordinate amount of time. Over the course of an entire month of back and forth with Nike Customer Support, with no solution. Finally, number one in the queue again, I have never made a formal complaint before, but now is the moment. Lyle, greets me and says that he will handle my complaint, only to be informed that the previous member of Nike was wrong for offering a discount as compensation and I should instead order a different pair of shoes in the next online sale. Furthermore, it transpires that the repeated cancelled orders are due to their website not accurately displaying what it available to ship at the warehouse, this seems counterproductive for all involved, no? But the cherry on top, the piece de resistance: as this waste of time had now gone past 5pm (presumably), Lyle unilaterally terminates our chat mid-message. No apology and no conclusion, and frankly no care given.In the past I have owned plenty of great shoes from Nike, but I do not recommend ordering from Nike online. If you receive your shoes and they fit fine then that's great, but just know that should you run into any issues Nike are not remotely interested in whether or not you receive your order or have a positive shopping experience. Instead, I have bought from Asics, who I do recommend. Simple and hassle free. Don't give Nike your business, they don't want it.",1,Bad,2020-05-26,1,United Kingdom
chris garbett,Disgrace of a company,"Disgrace of a company. Take your money and don't send item. I had 2 orders, the later order has been delivered and the 1st order not even shipped. Can't get a refund. Obviously oit of stock. Customer service are a waste of space. Won't be using Nike again. Too many problems.",1,Bad,2020-05-21,6,United Kingdom
Rajith Singh,Looks nice but too expensive,Looks nice but too expensive. You can get two pairs of Adidas shoes for these prices. Do some discounts or you gonna lose clients,2, Poor,2020-05-20,6,India
Haroon Mohammed,Very good store,,5, Excellent,2020-05-18,2,U.A.E.
Drea Field,great product,great product. just got my running shoes,5, Excellent,2020-05-16,1,United States
Jay,I tried to return a pair of shoes that‚Ä¶,I tried to return a pair of shoes that were never even worn outside with 30 days off the order and now they will not let me return the shoes. Super shady customer service. I worked with a rep name Jasime that was rude and very professional.Really disappointed in Nike.,1,Bad,2020-05-12,1,United States
Joan Rosas,comfortable shoes,"comfortable shoes, will order in the future",5, Excellent,2020-05-12,2,United States
George,Don't even bother ordering in the pandemic,"I ordered a pair of trainers in April, 3 weeks later I got an email to say they have now gone out of stock (after the expected delivery) but the trainers came back in stock online, so I stupidly re ordered them, only for 4 weeks later have the SAME situation. The customer service was no help at all, I wasted 2 months waiting for a pair of trainers to come. Not worth wasting your time ordering.",1,Bad,2020-05-12,1,United Kingdom
Martha Xie,All the best in Nike,"Nike is absolutely one of my favorite brands of sport. I love it, I wear it almost every summer and this tradition extended to the rest of the family. I love their commercials, just do it!",5, Excellent,2020-05-11,2,United States
Djur KO,Nike you know the motto,Nike you know the motto JUST DO IT ;)Thank you for the motivation Best regardsDjuro Koprek,5, Excellent,2020-05-09,11,Austria
Peter Chen,Honestly have to give 5 stars for‚Ä¶,Honestly have to give 5 stars for customer service alone. Any problems Ive had have always been solved through contacting them.,5, Excellent,2020-05-08,4,United States
Jeremy R,Longtime customer,Longtime customer! Love nike :),4, Great,2020-05-07,1,United States
steph,Big Nike fan but...,Big Nike fan but customer service during the pandemic is horrible the supervisor Merck was rude and no help and the associate Carl definitely wasn't helpful I was told Nike takes the stance you either get your shoe and apparel or you don't the associate Raymond was very helpful hence the one star,1,Bad,2020-05-05,4,United States
Breegan Newble,Nike,love their shoes!! very comfortable and have many different types of styles. Their clothes are amazing too!!,5, Excellent,2020-05-05,1,United States
Oliver,Have a pair of AirMax 97 which broke‚Ä¶,Have a pair of AirMax 97 which broke after less than half a year.,3, Average,2020-05-04,2,Norway
Sangi Malga,Best place to shop,"Best place to shop , they are good and fast",3, Average,2020-05-02,2,Ukraine
Rolf Guillmin,Late delivery!,,3, Average,2020-05-02,3,France
Gary Bowie,Best way shop,,5, Excellent,2020-05-01,1,United States
Ava Hagler,I love Nike,I love Nike! That's all I can say.,5, Excellent,2020-04-30,9,United States
prasanna saman,Glorious and amazing products.highly‚Ä¶,Glorious and amazing products.highly recommended NIKE,5, Excellent,2020-04-24,2,Sri Lanka
One angry customer,Horrible!!,"Horrible!!! I payed for express shipping and although i did receive it on time. Order was completely wrong , to the brand name, size, colors. EVERYTHING! I know people make mistakes. But how do you confuse TODDLER SNEAKERS WITH 2 ADULT sneakers. The child is a size 6C and i received adult 10 and adult 9 wide On top of that i received 2 completely different sneakers. Not even the kind i picked, ALL BLACK. When i specifically ordered jordans and air maxs'. Idk who is working at your warehouse but they are HORRIBLE!!! Now i will have to go out my way to return these sneakers and loose out on MY MONEY FOR EXPRESS SHIPPING. If i would of known i would had never payed express or even wasted time ordering. Tell your workers to PAY ATTENTION.",1,Bad,2020-04-22,1,United States
JB,Why can‚Äôt all shopping sites be like‚Ä¶,Why can‚Äôt all shopping sites be like this ...Amazing fluid website with excellent UX/UI with clear coms post order ...Precise and actuate delivery coms followed by a quick dispatch. Great experience üëçüèª,5, Excellent,2020-04-20,31,United Kingdom
Mary,Awfull customer service,Awfull customer service. Can't get through on either phone nor email. Had to change my postalcode for my order waited 30 min on the phone to a very bad connection and a customer service representative I couldn't hear - not even a word.Took me over a week to try to get in touch but never succeed.,1,Bad,2020-04-20,14,Denmark
Rodrigo,Excellent Product and service,Nike always has the best service and their shoes are always great quality,4, Great,2020-04-17,1,United States
ALEXANDRIA WHITE,All i got to say is i love nike.,,4, Great,2020-04-16,2,United States
Jack Kiely,You might get your order,"I bought a pair of trainers that were on salr and a hoodie from the Nike site. I got my hoody after about 10 days but no trainers came with it. I rang their customer care where I was told it was still on the way. 3 weeks later I recieved an email to say the trainers are unavailable. Then looking on the site there available only now for an extra ‚Ç¨30. I wouldn't mind only I wanted the trainers, the hoody I only picked up while on the site. I won't buy direct from Nike again",1,Bad,2020-04-15,1,Ireland
Deen Guzman,okay i guess.,,4, Great,2020-04-12,1,United States
Ryland Schloerb,It‚Äôs dope I just got new shoes,,5, Excellent,2020-04-11,1,United States
Corey,V good recurved good on time,,5, Excellent,2020-04-07,3,Ireland
Chloe,Seasoned online Nike shopper - happy as always.,"A seasoned Nike shopper online and as happy as always. Even in challenging times, order was with me in a week (well apart from trainers). But communication via email has been fantastic, keeping me updated all the way. Just looking forward to arrival of my trainers at some point. A big thank you to everyone part of the Nike supply chain.",5, Excellent,2020-03-29,13,United Kingdom
Christiana Kokkinou,Shout out to ErikaMae,Due to these uncertain times the world is experiencing I was not surprised to receive an initial email to say my delivery would not be arriving on it‚Äôs expected delivery date of 21st March. I initially contacted the Nike customer service chat and spoke to ErikaMae the following Monday and she informed me that my delivery should be arriving around the first week of April. She then told me that she will keep an eye out for my delivery and will email me when she knows any further information. She stuck to her word and sent me an email today and just this afternoon I received my shoes. She has made my experience with Nike a pleasant one and has truly made me feel like a valued customer!,5, Excellent,2020-03-27,5,United Kingdom
Ricardo Rinda,Decent service,,3, Average,2020-03-27,2,United Kingdom
Patrick Gonsalez,i bought a pair of shoes .quality is ok‚Ä¶,"i bought a pair of shoes .quality is ok .size is fit for me ,but the service is very bad .I do not buy again",3, Average,2020-03-23,16,United States
Hijabi2405,Ordered my gym wear,Ordered my gym wear - delivery quick Product looks Exactly the same.,5, Excellent,2020-03-22,5,United States
Whitney Johnson,Flyknit 2 are awesome!,"I've had these Flyknit twos for a few weeks now and I love them, so light and comfortable - mine are bright salmon pink too!",5, Excellent,2020-03-20,4,United States
SUN88,I like the quality,I like the quality. This is the most important criterion for me.,4, Great,2020-03-20,8,Slovakia
Nafiseh Fadayevatan,"Nike town London, The worst management ever",The worst management ever! Did not refund or even exchange a faulty per of shoes within its warranty time despite I had a bank statement as the proof of purchase. Insisted that you have to have the receipt!! Who keeps the receipt for one year expecting that the product going to fail???!!!! Very disappointed with the management ability and willingness to resolve customers‚Äô problems!!,1,Bad,2020-03-15,1,United Kingdom
Lorenzo,The prices are brilliant and I will‚Ä¶,The prices are brilliant and I will always go there. Plus they sponsor some of the worlds best tennis players.,5, Excellent,2020-03-12,35,United Kingdom
Timothy Alexander,Large assortment of all my favorite‚Ä¶,Large assortment of all my favorite nike shoes. Especially appreciate the limited editionShipping is kinda slow and customer service is not very helpful,3, Average,2020-03-09,7,United States
Daniel Masters,New trainers,My daughter loves her new trainers and I was so happy I managed to get them at a great price than other retailers.,4, Great,2020-03-09,5,United Kingdom
Richard Aldrin,Great retail experience,,5, Excellent,2020-03-06,5,United Kingdom
Brandon Beach,I love their sneaker selection.,,5, Excellent,2020-02-28,3,United States
Bob Schlueter,great sb sneakers,,1,Bad,2020-02-22,4,United States
anniemack55,not good,not good I don't like at all,1,Bad,2020-02-19,9,United States
Ait Labadaoui Yassine,Nike is beautiful and a very high‚Ä¶,Nike is beautiful and a very high helmet. I love her very much,4, Great,2020-02-14,11,Morocco
Michael Dickens,I like Nike shoes,I like Nike shoes the most! The prices are sometimes way too high on the new collections but the quality is just amazing!,5, Excellent,2020-02-07,6,United States
R Roberts,"Terrible service, dysfunctional internal processes","Terrible service, some of the worst i've experienced:- Ordered online, got an error code so called telephone number given - goes through to their Irish call centre. Employee takes order over the phone - trainers for my wife's birthday. Several days later I realised nothing arrived, checked Nike account & realise order cancelled without telling me! I call them - apparently it's policy not to tell people when orders cancelled! Now too late to get trainers for birthday... and there is still a debit of -¬£239 on my bank account. Bank says I cannot get money released without something in writing from Nike to say that the order will not be fulfilled. I call Irish call centre again. Employee this time says it is not possible to get email confirming they won't send shoes.. after some argument, she says an email will have to be sent by their 'email team' (Isn't she sitting in front of a computer). I say ok... several days later, still no email from the email team, money is still showing as debit on my bank account and no refund.. I will have to call their woeful call centre again. Really unbelievable that such a large company has such awful processes. Avoid - go to a third party retailer.",1,Bad,2020-02-04,2,United Kingdom
David Lloyd,Do not order online I didn't receive my‚Ä¶,Do not order online I didn't receive my item it took 3 weeks of waiting for them to tell me I'm not going to receive my item and that they will refund me so upsetting,1,Bad,2020-01-17,4,United Kingdom
Misty lindsay,Nike is okay,"Nike is okay, I like the products just not the prices.",3, Average,2020-01-14,2,United States
Spencer,Shop local,"Nike products still rule, their store prices are comical though. Try your local sporting goods store.",1,Bad,2020-01-14,9,United States
Paul Martson,Incredible awesome as always :),,5, Excellent,2020-01-11,1,United States
Hen_Kaya,"It's bad, just awful.","I don't have to do much to know when a website is bad. I tried to buy one article and the website keeps giving me an error like i'm supposed to know what that is. I thought maybe it's the browser, sometimes it happens, but no, it wasn't.I also thought, well, i'll try tomorrow. Still nothing. Isn't it funny how i can't say anything good about it?This is next level incompetence, and from a big company like Nike nevertheless, it's mind boggling how proud they are of having a trash website.I can't even make one simple purchase, i tried everything. My first experience with Nike was just awful.",1,Bad,2019-12-14,3,Portugal
Michelle Orr,Paid ‚Ç¨70 to nikestore.com for Nike‚Ä¶where‚Äôs my money/shoes,Paid ‚Ç¨70 to nikestore.com for Nike teckno trainers but got no order number or any emails regarding this purchase.Money has gone but no sign of the shoes.UPDATE Nike customer service just sorted the problem.Thanks to jeanroland,5, Excellent,2019-12-12,3,Ireland
Tom Parle,Terrible service from this huge company‚Ä¶,"Terrible service from this huge company who should know better. Ordered some trainers in the Black Friday sales - they then hung on to my order until the sales were over only to tell me that, although their website stated my size was in stock, they didn't have them in stock and that their website does not always truly reflect the reality of what items they have in their warehouse. All the other sites I could have ordered the same shoes from are now out of stock so I lost out due to very poor inventory management from Nike.com. I have never had this problem shopping elsewhere - other big companies such as Amazon are able to get the basics of online shopping in place to ensure the experience for the customer gives them confidence to return in the future. I will not be shopping at Nike.com anymore as it is too risky.",1,Bad,2019-12-06,2,United Kingdom
Innovation Designs,Great products,,5, Excellent,2019-11-28,2,United Kingdom
Artem,Can't refund my order from Nike online order,"Ordered Nike online while being in the UAE. Was concerned about the return but Nike assured me that I have plenty of time to make a free return and it would be very easy in case my order doesn't fit.Order arrived, it didn't fit, I issued a return on the website. The delivery guy didn't come on the expected date and 3 days already have passed. Nike.com customer support told me that they can't do anything about it since the purchase was made outside of the US. They gave me 2 phone numbers, a toll-free one that doesn't exist and a local UAE one that belongs to a partner SunAndSandSports. I reached those guys, and guess what? I can't get a refund for my order! Only exchange is possible and ""they are doing that only because I'm a Nike client""...So here I am, trying to exchange the order that didn't fit to something else instead of getting my money back. This is the first and the last time I ordered something on Nike.com. Moreover, I am very upset with the customer service at Nike. Definitely do not recommend anyone to order online!!!",1,Bad,2019-11-24,2,U.A.E.
Imran,Woeful customer service,"NikePlus app indicates stock is available, with no ability to reserve in store (NikeTown). On two occasions, I have visited the store (at a cost of ¬£70) to buy a particular product, when the store opened. Lo and behold the product is not available. The staff couldn't care less, and say it's a problem with the App and the digital part of the business and escalate with them. When escalated with Nike Customer Services, they have not come back with a satisfactory response in over a month and now choose to ignore my emails. Great products but awful customer service. I have lost faith in NikeTown and Nikestore.",1,Bad,2019-11-01,6,United Kingdom
alison Bryant,I tried twice to order a gift card for‚Ä¶,"I tried twice to order a gift card for my Godson from the French Nike site - and paid. The first time they took my money and then (for no reason) reimbursed it without sending the ""carte cadeaux"". The second time they took my money, failed to deliver and even after 3 hours on the telephone and 5 emails, have failed to reimburse me!Each time I call (and I do speak fluent French) they are incapable of finding my order, finding my emails, finding my order number - even finding my email address.DON'T PLACE AN ORDER HERE.",1,Bad,2019-10-30,3,United Kingdom
Mo Ali,Formidabel service og ekseptionelle‚Ä¶,Formidabel service og ekseptionelle produkter,5, Excellent,2019-10-05,3,Denmark
Emre,Awesome,"Awesome site to shop,plenty of products.",5, Excellent,2019-10-04,145,Turkey
danny luke,Nike offers footwear not just among‚Ä¶,Nike offers footwear not just among athlete but to all kinds of individual. It's reasonable price and good product quality is what made it interesting to the buyers. I have been a Nike user since then and I would say that it is very wise of an individual to choose this brand of footwear.,5, Excellent,2019-09-12,3,Philippines
YG K,"(Nike.nl) No benefit of shopping here, only disadvantages!","About my purchase on Nike.nlI have used a voucher code (was a gift to me) to purchase an item from nike online store. they are promoting this 30 day return policy but stay warned that if you do return the item, it might take about 3-4 weeks before you get refunded. Well, in my case, since i used a voucher, i by definition have to wait for that to repurchase an item again, in the meanwhile i miss out on all promotions or stocks of whatever i might be interested in. The chat assistant also was arrogant (Nick: Rubert) and just copy paste some standard sentences and he just ended the chat before i had finished with my feedback. At this point i don't even know what the outcome of the process will be. I have shopped online in the Netherlands tens of times for anything, and even in the smallest business, refund process goes faster and smoother. Avoid using Nike online store in my opinion, hardly the cheapest prices, never as much variety as you can find elsewhere (even on Nike items), and not a visible advantage that i can see buying from the brand's own online store either apparently.",2, Poor,2019-09-05,1,Netherlands
Martin Kyst,Very bad experience,Very bad experience. I bought an expensive pair of running shoes in the Nike Store in Lisbon on my holiday. Three weeks later the sole broke apart after only having been used 6-7 times. I contacted Nikestore online but they would not refund me or send a new pair. They just told me to contact the shop in Portugal. I live in Denmark and consequently that is not a viable option. I cannot understand how a world famous brand can accept such a bad consumer experience. Last time I buy a Nike product!,1,Bad,2019-08-20,12,Denmark
Briana Johns,Cancelled my order when it already gave‚Ä¶,"Cancelled my order when it already gave me an arrival date. On the day it was supoose to be delivered they said it was out of stock. My son waited Over a week to get this bookbag. Even used a old bookbag because he really wanted this one. One rep ended our online conversation because I asked for a number to reach a leadership member, then I called in, they couldn't have cared less. Smh!",1,Bad,2019-08-07,1,United States
emma Carter,Have been waiting for my little boys‚Ä¶,"Have been waiting for my little boys football kit for a couple of weeks, logged to see the status and it‚Äôs been cancelled, no warning, no apology no communication at all. Called customer complaints, the attitude was, yes that happens sometimes. Thanks Nike, I now have to explain to my child why his football kit isn‚Äôt coming. Appalling.",1,Bad,2019-07-29,5,United Kingdom
David Goulden,No communication no response to Emails‚Ä¶,"No communication no response to Emails NO CUSTOMER CARE WHAT SO EVER !!!!!!!!!!Ca,nt cancel my order, have not received my order, cannot contact them NEVER AGAIN  AND ¬£12.00 DELIVERY FOR A PAIR OF SHORTS !!!!!Dave Goulden",1,Bad,2019-07-10,3,United Kingdom
Clotaire,Worst shipping,If you are looking to order from the Nike site make sure to give yourself 2 weeks to a month of waiting time and absolutely do not pay for their express shipping its a joke and a waist of money.,1,Bad,2019-06-28,1,U.A.E.
Andrea Martins,"I paid for fast delivery and not only it wasn't fast, but it also never happened.","I paid for fast delivery, and the delivery never came. I contacte the store twice via email and never got a reply. Then I contacted the store through the customer chat, and the guy said he doesn't know why it hasn't been delivered yet and that we would contact me when he had an answer. I'm still waiting...",1,Bad,2019-06-19,2,Germany
Mandy,Infant white rift shoes - avoid!,"Bought white rift trainers for my 16mth old grandaughter from office uk, reviewing them too! Kids play & get dirty, these shoes come with no cleaning care instructons so they have been wiped down with a clean cloth & a touch of fairy non-bio, they are ruined, will not come clean, ¬£40 down the drain. Why sell non-cleaning white shoes for infants? I think maybe my 3 adult men will avoid nike (and office) at all cost. Kids play, nike need to know that white mesh cloth shoes get dirty!",1,Bad,2019-06-19,23,United Kingdom
Suze,Dispicable quality and even worse customer service,"Dispicable quality and even worse customer serviceI have received not one but two pairs of misshapen poor quality Cortez shoes, yet Nike maintain they are a really great shoe, it‚Äôs laughable, apparently the images were sent to a special team who could not see any defects, it is beyond belief.Really? Two pairs of the same style of shoe received all bent out of shape?Nike know they are of dreadful quality but will do absolutely nothing about it.I am absolutely disgusted with there attitude and complete lack of customer service",1,Bad,2019-05-06,24,United Kingdom
Terese Kerrigan,Just do it,Just do it. Great product and company.,5, Excellent,2019-02-19,1,United States
Duc Bui,Ashamed Payment System,"Can't purchase anything from Nike at all. Always got error code 9E10658B for some reason, even after changing multiple debit card or devices.",1,Bad,2019-02-11,8,United Kingdom
Josh,"Oh gosh where to start, sort your life out Nike","Oh gosh where to start, 3 months, as many clothes orders. None of which were small orders. EVERY order atleast 2 items sent back due to the quality of the material (bobbling when washed within 2 weeks) or just the items were constructed badly. Also ordered trainers, and returned them before i even got them, as UPS doesnt know how to ring when unsure of location, and i wasnt in the mood to sit in all day again because UPS dont do delivery estimated times. Nike your ONLY saving grace is the customer services. Very friendly and helpful. Oh and i needed to exchange one item due to shoddly put together by one of nikes obscure location factorys (no arm hole elastic, arms too long and main body cut dodgy), sent the thing back YOU had it a week and ended up having to call customer services who couldnt understand why it hadnt been sent. Actually afraid to order anything online from nike now, cause of the agro attached!!!!",2, Poor,2019-01-24,18,United Kingdom
jerald harvey,wowwww....,wowwww..... i'm just loving the brand... i lov the fashion and their services as welll.... i love their style...,4, Great,2019-01-08,2,United States
Josh,Whats happened to nikes quality,"Ive been a long time nike customer, for more years then i care to remember. So when it came time for a shopping spree dont need to guess where i went, along with the vast sums ive spent over the years. I bought some jogging bottoms and simular hoody, well 3 sets, of diffrent types/styles along with other things. All of a couple weeks of use and washing and the things are bobbled. The tshirts, boxers and even sox are perfectly fine. Also the quality an feel of the items is now dire, ive still got a zip hoody from 2 years ago (thats hasnt bobbled) feels much more substantal, thicker and overall better quality. WHAT HAVE YOU DONE NIKE. Arnt companys ment to get better quality wise over time? The worst bit is you cant even email anyone to air your complaints, no email, phone lines are constantly busy. Luckly managed to speak to a lovely lady, who sorted the refund straight away, said she would speak to the higher ups about quality, heres hoping",1,Bad,2019-01-08,3,United Kingdom
Catherine Wilkinson,Super fast delivery,Super fast delivery - ordered Thursday and they arrived Saturday.  Will use again.,5, Excellent,2019-01-06,6,United Kingdom
Kgal777,Quick delivery,"Quick delivery, good service, a bit slow if you ask for a refund",4, Great,2018-12-05,2,United Kingdom
Theo74,Terrible service from a huge company!,"Terrible service from a huge company!You would expect a giant like Nike to get it right, however!I ordered 4 pairs of shoes for christmas presents on Black Friday as they had 30% off. Placed the order, got the confirmation email then waited.The money left my account BUT no order, it had been cancelled due to ‚Äúsecurity issues‚Äù they tried to call me but could not get through, total rubbish! So with my money taken and no order I am not very happy!I spoke with Nike on line who said no problem just re-order, but the offers had finished, the shoes were out if stock and I am still waiting for my ¬£200 back!Terrible service I will never use them again!",1,Bad,2018-12-05,30,United Kingdom
Ufuk,Great service,Great service. Nice a pair of shoes.,5, Excellent,2018-11-22,1,Turkey
butterfly,amazing return policy great service and‚Ä¶,amazing return policy great service and delivery ! for sure,5, Excellent,2018-11-16,6,Netherlands
Angela,I have 4 kids and they have worn‚Ä¶,I have 4 kids and they have worn nothing but Nike. I returned product to them and they never sent my money I have been fighting with them for so long to get my money. Now they say the will not send me my money because it‚Äôs been to long. never trust Nike!!!!!!!,1,Bad,2018-10-16,1,United States
Mr ryan,3 orders in a row lost / missing via‚Ä¶,3 orders in a row lost / missing via DPD ... nike do not care ! nike dont help ! nike say you will have to wait 5 - 8 days for a response ... its a joke ! do not buy from nike.com  your wasting your time !,1,Bad,2018-10-01,5,United Kingdom
Toya James,best saleperson ever...thanks again,,5, Excellent,2018-08-31,11,United States
Jennifer,The Nike store has some pretty good‚Ä¶,"The Nike store has some pretty good shoe deals. They have great prices and they might even have additional discounts. Their shipping is great they definitely make sure the product is not damaged in the shipping process. Haven't had any issues so far and I cannot express how good it feels to have confidence that not only will your product arrive, but that it will arrive in good shape.",5, Excellent,2018-08-08,2,United States
Nenad Nikolic,"Great shoes, but expensive","Great shoes, but very expensive in my opinion. If they lower their prices, it would be much better!",3, Average,2018-07-11,8,Serbia
Monica Schwartz,Thank you Jabulani for your good‚Ä¶,Thank you Jabulani for your good service and excellent product knowledge.,4, Great,2018-07-09,3,South Africa
brent moore,not service dog-friendly,,1,Bad,2018-04-29,1,Canada
OLIVER RALPH MUELLER,Nike ecommerce shop does not work,"Total waste of time trying to buy a gift card. First of all when you pretend to do global e-commerce your chat = CRM is available 24/24 7/7 365 days a year. Then your CTO should start looking at e-commerce sites which are made by professionals. You do have bugs in your algorithm handling the PayPal treatment. It was impossible to order the card, we gave up",1,Bad,2018-04-28,13,United Kingdom
Kevin Torres,Brand of Disappointment and Crushed Dreams,"PLEASE RESTOCK THE PG2 PLAYSTATION!!!!! Nike is awful. They get your hopes up for epic releases only to make you sit through a dumb lottery system that hands out shoes to ppl re-selling then for $1,000 on eBay. Flat out shameful.",1,Bad,2018-02-11,1,United States
Karel J,bad service over all but nice to speakl ‚Ä¶,bad service over all but nice to speakl with karen,3, Average,2018-02-09,4,United Kingdom
Kelsey Andreson,Love the designe,Love the designe. Air max is my favorite collection. I have them all.,5, Excellent,2017-12-19,3,United States
Pascal,Really fan,"Really fan, I order regularly without any issue, fast delivery by UPS and great service. Once I was recall after a delivery delayed.",5, Excellent,2017-12-05,9,France
Williams Witiet,Excellent service,"Excellent service, great customer support service and competitive prises. One of my favorite stores. Recommend!",5, Excellent,2017-12-01,2,United Kingdom
helen89,Best shop for those who go info sports,Best shop for those who go info sports! All my sneakers I ordered here.,5, Excellent,2017-11-28,5,Ukraine
Hilcorr,My favourite store,My favourite store - everything is just perfect!,5, Excellent,2017-09-27,3,Germany
Jan Sorensen,Got everything,,3, Average,2017-09-19,3,United States
Jared,More than sports,"I've tried many sport brands, including rebook and even though the letter supported my sports team in high school I still prefer Nike. They have clothes that are very sporty and also clothes which ar comfortable, look great and Wer good for everyday wear.",5, Excellent,2017-09-18,4,Canada
Linda Watson,Best Experience till Now,Best Experience till Now. Providing great stuff with good quality. Bought shoes for my husband for her birthday. Thank You NIke,5, Excellent,2017-09-10,2,India
Mark Leschke,Great variety for any budget,"I was looking for some good shoes for my son and found a huge inventory and great pricesBecause I'm also a member of Acorns ETF stock investor, NIKE has invested into my future by giving me 2% of my purchase back to my investment portfolio.  Finally a company who cares about your future. Hopefully other big companies follow NIKE example. The gold standard of customer service.",5, Excellent,2017-08-26,4,United States
Caroline Schmidt,Air Jordan for life,Air Jordan for life! The ones I always wear and keep at least two pairs of. These sneakers can be pricey but the quality is at the top.,5, Excellent,2017-08-16,6,Philippines
Konstantinos R.,love all the ones I had,,5, Excellent,2017-08-08,4,Brazil
Anne-Britt Vergouwe,DESIGNS ARE REALLY GREAT!,,5, Excellent,2017-07-24,2,Philippines
Leanne,Retro,loving some of the recent retro re do's....... Please Please Please keep them coming!,5, Excellent,2017-07-24,1,United Kingdom
Onzo Bill,4 star for nike and 5 for adidas,,4, Great,2017-07-07,6,United Kingdom
Luke Chapman,Better prices than in store and fair ‚Ä¶,Better prices than in store and fair speed delivery,4, Great,2017-05-31,2,United Kingdom
James Sanderson,Great service ordering online,"Great service ordering online, delivery quickly and great products!",4, Great,2017-05-09,1,United Kingdom
J.M.W,I recommend Nike.com,"I give Nike.com 5 stars because they always ship quickly, and always include a prepaid return label with your shoes in case you want to return them free of charge! Anytime I have had an issue they responded quickly and refunded my full value of what I paid in a timely fashion. A little bit expensive but quality costs!",5, Excellent,2017-05-04,7,United States
Josh Thompson,Great shoes and joggers!,,4, Great,2017-04-18,43,United States
AndreasS,I bought very expensive running shoes ‚Ä¶,"I bought very expensive running shoes (180‚Ç¨). They hurt my feet each time I run at least 5km. They don't want to change them. Nothing to add. Adidas, I come to you.",1,Bad,2017-04-18,7,United States
Sam Matharu,Ordered a lot through this site and ‚Ä¶,"Ordered a lot through this site and always get a good service,Items are always in a good condition and come a lot quicker than the delivery window suggests!",5, Excellent,2017-04-07,3,United Kingdom
Pernille Hyttel,Great offers and fast delievery,A large variety of products and lot of great offers.I have only experienced a fast delievery and good service.,5, Excellent,2011-05-13,29,Denmark
